{"initial_reset_timestamp": 1669295780.0168946, "timestamps": [1669295796.5062385], "episode_lengths": [200], "episode_rewards": [-11.250164129356005], "episode_types": ["t"]}